pais_nombre,provincia_nombre,ano_inicio,año_fin,semanas_epidemiologicas,evento_nombre,grupo_edad_desc,cantidad_casos,tasa_de_Incidencia,Confirmados_Laboratorio,Muertes,Letalidad,Población_X_1000
Canadá,,1/1/2014,31/12/2014,,Dengue,De 15 a 19 anos,0,,0,0,,0
Canadá,,1/1/2015,31/12/2015,,Dengue,De 15 a 19 anos,0,,0,0,,0
Canadá,,1/1/2016,31/12/2016,,Dengue,De 25 a 34 anos,0,,0,0,,0
Canadá,,1/1/2017,31/12/2017,,Dengue,De 45 a 65 anos,0,,0,0,,0
Canadá,,1/1/2018,31/12/2018,,Dengue,De 35 a 44 anos,0,,0,0,,0
Canadá,,1/1/2019,31/12/2019,,Dengue,De 45 a 65 anos,0,,0,0,,0
Canadá,,1/1/2020,31/12/2020,,Dengue,De 15 a 19 anos,0,,0,0,,0
Canadá,,1/1/2021,31/12/2021,,Dengue,De 45 a 65 anos,0,,0,0,,0
Canadá,,1/1/2022,31/12/2022,,Dengue,De 45 a 65 anos,0,,0,0,,0
Canadá,,1/1/2023,31/12/2023,,Dengue,De 45 a 65 anos,0,,0,0,,0
Canadá,,1/1/2024,31/12/2024,,Dengue,De 45 a 65 anos,0,,0,0,,0
Estados Unidos de América,,1/1/2014,31/12/2014,,Dengue,De 20 a 24 anos,668,0.21,668,0,0.000,"322,583"
Estados Unidos de América,,1/1/2016,31/12/2016,,Dengue,De 45 a 65 anos,990,0.31,990,0,0.000,"324,119"
Estados Unidos de América,,1/1/2017,31/12/2017,,Dengue,De 25 a 34 anos,453,0.14,453,0,0.000,"324,460"
Estados Unidos de América,,1/1/2018,31/12/2018,,Dengue,De 35 a 44 anos,331,0.10,331,0,0.000,"326,767"
Estados Unidos de América,,1/1/2019,31/12/2019,,Dengue,De 15 a 19 anos,"1,158",0.35,"1,158",0,0.000,"326,767"
Estados Unidos de América,,1/1/2020,31/12/2020,,Dengue,De 45 a 65 anos,307,0.09,307,0,0.000,"326,767"
Estados Unidos de América,,1/1/2021,31/12/2021,,Dengue,De 45 a 65 anos,114,0.03,114,0,0.000,"332,915"
Estados Unidos de América,,1/1/2022,31/12/2022,,Dengue,De 45 a 65 anos,"1,156",0.35,"1,156",0,0.000,"332,915"
Estados Unidos de América,,1/1/2023,31/12/2023,,Dengue,Mayores de 65 anos,156,0.05,156,0,0.000,"332,915"
Estados Unidos de América,,1/1/2024,31/12/2024,,Dengue,De 45 a 65 anos,371,0.11,371,0,0.000,"332,915"
Estados Unidos de América,,1/1/2015,31/12/2015,,Dengue,De 25 a 34 anos,945,0.29,945,0,0.000,"325,128"
América del Norte,,1/1/2014,31/12/2014,,Dengue,De 45 a 65 anos,668,0.21,668,0,0.000,"322,583"
América del Norte,,1/1/2015,31/12/2015,,Dengue,De 45 a 65 anos,945,0.29,945,0,0.000,"325,128"
América del Norte,,1/1/2016,31/12/2016,,Dengue,De 15 a 19 anos,990,0.31,990,0,0.000,"324,119"
América del Norte,,1/1/2017,31/12/2017,,Dengue,De 25 a 34 anos,453,0.14,453,0,0.000,"324,460"
América del Norte,,1/1/2018,31/12/2018,,Dengue,De 25 a 34 anos,331,0.10,331,0,0.000,"326,767"
América del Norte,,1/1/2019,31/12/2019,,Dengue,De 35 a 44 anos,"1,158",0.35,"1,158",0,0.000,"326,767"
América del Norte,,1/1/2020,31/12/2020,,Dengue,De 45 a 65 anos,307,0.09,307,0,0.000,"326,767"
América del Norte,,1/1/2021,31/12/2021,,Dengue,De 25 a 34 anos,114,0.03,114,0,0.000,"332,915"
América del Norte,,1/1/2022,31/12/2022,,Dengue,De 10 a 14 anos,"1,156",0.35,"1,156",0,0.000,"332,915"
América del Norte,,1/1/2023,31/12/2023,,Dengue,De 15 a 19 anos,156,0.05,156,0,0.000,"332,915"
América del Norte,,1/1/2024,31/12/2024,,Dengue,De 15 a 19 anos,371,0.11,371,0,0.000,"332,915"
Belice,,1/1/2014,31/12/2014,,Dengue,De 15 a 19 anos,"2,633",774.41,269,0,0.000,340
Belice,,1/1/2021,31/12/2021,,Dengue,De 20 a 24 anos,"3,104",766.42,15,0,0.000,405
Belice,,1/1/2022,31/12/2022,,Dengue,De 20 a 24 anos,"5,080","1,151.93",191,0,0.000,441
Belice,,1/1/2023,31/12/2023,,Dengue,De 20 a 24 anos,"1,688",382.77,707,0,0.000,441
Belice,,1/1/2024,31/12/2024,,Dengue,De 25 a 34 anos,386,87.53,86,0,0.000,441
Belice,,1/1/2019,31/12/2019,,Dengue,De 25 a 34 anos,"3,636",951.83,"2,229",0,0.000,382
Belice,,1/1/2020,31/12/2020,,Dengue,De 25 a 34 anos,"1,069",279.84,223,0,0.000,382
Belice,,1/1/2015,31/12/2015,,Dengue,De 35 a 44 anos,"2,381",684.20,311,0,0.000,348
Belice,,1/1/2017,31/12/2017,,Dengue,De 35 a 44 anos,"1,627",433.87,31,0,0.000,375
Belice,,1/1/2018,31/12/2018,,Dengue,De 35 a 44 anos,"1,322",346.07,72,0,0.000,382
Belice,,1/1/2016,31/12/2016,,Dengue,De 35 a 44 anos,"2,659",724.52,71,,,367
Costa Rica,,1/1/2017,31/12/2017,,Dengue,De 35 a 44 anos,"5,561",113.35,106,0,0.000,"4,906"
Costa Rica,,1/1/2018,31/12/2018,,Dengue,De 35 a 44 anos,"2,735",55.22,265,0,0.000,"4,953"
Costa Rica,,1/1/2019,31/12/2019,,Dengue,De 35 a 44 anos,"9,400",189.78,365,0,0.000,"4,953"
Costa Rica,,1/1/2020,31/12/2020,,Dengue,De 45 a 65 anos,"10,056",203.03,426,0,0.000,"4,953"
Costa Rica,,1/1/2021,31/12/2021,,Dengue,De 45 a 65 anos,"5,174",100.68,250,0,0.000,"5,139"
Costa Rica,,1/1/2014,31/12/2014,,Dengue,De 45 a 65 anos,"11,140",225.60,,0,0.000,"4,938"
Costa Rica,,1/1/2015,31/12/2015,,Dengue,De 45 a 65 anos,"17,394",347.74,0,0,0.000,"5,002"
Costa Rica,,1/1/2016,31/12/2016,,Dengue,De 45 a 65 anos,"23,319",480.11,0,0,0.000,"4,857"
Costa Rica,,1/1/2022,31/12/2022,,Dengue,De 45 a 65 anos,"7,485",145.65,556,0,0.000,"5,139"
Costa Rica,,1/1/2023,31/12/2023,,Dengue,De 45 a 65 anos,"30,649",582.46,"2,712",0,0.000,"5,262"
Costa Rica,,1/1/2024,31/12/2024,,Dengue,De 25 a 34 anos,"6,939",131.87,373,0,0.000,"5,262"
El Salvador,,1/1/2021,31/12/2021,,Dengue,De 20 a 24 anos,"5,752",88.23,37,0,0.000,"6,519"
El Salvador,,1/1/2023,31/12/2023,,Dengue,De 25 a 34 anos,"5,788",88.79,50,0,0.000,"6,519"
El Salvador,,1/1/2014,31/12/2014,,Dengue,De 20 a 24 anos,"53,460",837.41,"16,146",6,0.011,"6,384"
El Salvador,,1/1/2015,31/12/2015,,Dengue,De 25 a 34 anos,"50,169",780.72,"9,998",6,0.012,"6,426"
El Salvador,,1/1/2022,31/12/2022,,Dengue,De 25 a 34 anos,"16,542",253.75,96,0,0.000,"6,519"
El Salvador,,1/1/2024,31/12/2024,,Dengue,De 25 a 34 anos,"1,451",22.26,19,0,0.000,"6,519"
El Salvador,,1/1/2016,31/12/2016,,Dengue,De 35 a 44 anos,"8,789",143.00,124,1,0.011,"6,146"
El Salvador,,1/1/2017,31/12/2017,,Dengue,De 45 a 65 anos,"4,297",67.37,232,0,0.000,"6,378"
El Salvador,,1/1/2018,31/12/2018,,Dengue,De 45 a 65 anos,"8,448",131.75,789,8,0.095,"6,412"
El Salvador,,1/1/2019,31/12/2019,,Dengue,Mayores de 65 anos,"27,470",428.42,768,14,0.051,"6,412"
El Salvador,,1/1/2020,31/12/2020,,Dengue,De 25 a 34 anos,"5,450",85.00,39,0,0.000,"6,412"
Guatemala,,1/1/2014,31/12/2014,,Dengue,De 45 a 65 anos,"19,797",124.82,"1,889",13,0.066,"15,860"
Guatemala,,1/1/2015,31/12/2015,,Dengue,De 35 a 44 anos,"18,058",111.09,"1,228",9,0.050,"16,255"
Guatemala,,1/1/2016,31/12/2016,,Dengue,De 45 a 65 anos,"8,844",53.04,330,1,0.011,"16,673"
Guatemala,,1/1/2017,31/12/2017,,Dengue,De 5 a 9 anos,"4,214",24.91,"1,438",24,0.570,"16,914"
Guatemala,,1/1/2018,31/12/2018,,Dengue,De 35 a 44 anos,"6,830",39.61,"2,152",22,0.322,"17,245"
Guatemala,,1/1/2019,31/12/2019,,Dengue,De 35 a 44 anos,"50,432",292.44,"1,429",66,0.131,"17,245"
Guatemala,,1/1/2020,31/12/2020,,Dengue,De 20 a 24 anos,"5,983",34.69,868,10,0.167,"17,245"
Guatemala,,1/1/2021,31/12/2021,,Dengue,De 45 a 65 anos,"2,861",15.68,905,6,0.210,"18,250"
Guatemala,,1/1/2022,31/12/2022,,Dengue,De 15 a 19 anos,"8,407",46.07,"2,219",16,0.190,"18,250"
Guatemala,,1/1/2023,31/12/2023,,Dengue,De 2 a 4 anos,"72,358",396.48,"7,282",119,0.164,"18,250"
Guatemala,,1/1/2024,31/12/2024,,Dengue,De 15 a 19 anos,"12,570",68.88,"1,086",9,0.072,"18,250"
Honduras,,1/1/2015,31/12/2015,,Dengue,De 20 a 24 anos,"44,834",532.22,0,5,0.011,"8,424"
Honduras,,1/1/2019,31/12/2019,,Dengue,De 25 a 34 anos,"132,143","1,442.92",180,180,0.136,"9,158"
Honduras,,1/1/2020,31/12/2020,,Dengue,De 45 a 65 anos,"25,180",274.95,75,10,0.040,"9,158"
Honduras,,1/1/2018,31/12/2018,,Dengue,De 45 a 65 anos,"7,942",84.34,,3,0.038,"9,417"
Honduras,,1/1/2023,31/12/2023,,Dengue,De 35 a 44 anos,"34,050",338.37,"2,030",49,0.144,"10,063"
Honduras,,1/1/2024,31/12/2024,,Dengue,De 10 a 14 anos,"8,821",87.66,465,7,0.079,"10,063"
Honduras,,1/1/2021,31/12/2021,,Dengue,De 10 a 14 anos,"19,753",196.29,,8,0.041,"10,063"
Honduras,,1/1/2022,31/12/2022,,Dengue,De 10 a 14 anos,"25,337",251.78,,9,0.036,"10,063"
Honduras,,1/1/2016,31/12/2016,,Dengue,De 10 a 14 anos,"22,961",280.35,76,3,0.013,"8,190"
Honduras,,1/1/2017,31/12/2017,,Dengue,De 10 a 14 anos,"5,217",56.31,0,0,0.000,"9,265"
Honduras,,1/1/2014,31/12/2014,,Dengue,De 10 a 14 anos,"42,753",517.53,,5,0.012,"8,261"
México,,1/1/2017,31/12/2017,,Dengue,De 15 a 19 anos,"89,893",69.60,"14,138",34,0.038,"129,163"
México,,1/1/2014,31/12/2014,,Dengue,De 15 a 19 anos,"124,943",100.92,"32,100",39,0.031,"123,799"
México,,1/1/2015,31/12/2015,,Dengue,De 15 a 19 anos,"219,593",175.34,"26,665",42,0.019,"125,236"
México,,1/1/2016,31/12/2016,,Dengue,De 15 a 19 anos,"130,069",101.12,"17,795",34,0.026,"128,632"
México,,1/1/2018,31/12/2018,,Dengue,De 2 a 4 anos,"78,621",60.13,"12,706",45,0.057,"130,759"
México,,1/1/2019,31/12/2019,,Dengue,De 20 a 24 anos,"268,458",205.31,"43,362",421,0.157,"130,759"
México,,1/1/2020,31/12/2020,,Dengue,De 20 a 24 anos,"120,639",92.26,"24,313",79,0.065,"130,759"
México,,1/1/2021,31/12/2021,,Dengue,De 20 a 24 anos,"36,742",28.21,"6,746",39,0.106,"130,262"
México,,1/1/2022,31/12/2022,,Dengue,De 20 a 24 anos,"59,918",46.00,"12,671",53,0.088,"130,262"
México,,1/1/2023,31/12/2023,,Dengue,De 20 a 24 anos,"277,963",211.81,"54,406",203,0.073,"131,230"
México,,1/1/2024,31/12/2024,,Dengue,De 20 a 24 anos,"49,244",37.22,"9,738",14,0.028,"132,308"
Nicaragua,,1/1/2024,31/12/2024,,Dengue,De 20 a 24 anos,"17,339",258.71,"1,078",0,0.000,"6,702"
Nicaragua,,1/1/2014,31/12/2014,,Dengue,De 20 a 24 anos,"35,425",574.24,"1,930",0,0.000,"6,169"
Nicaragua,,1/1/2022,31/12/2022,,Dengue,De 20 a 24 anos,"97,541","1,455.40","4,520",0,0.000,"6,702"
Nicaragua,,1/1/2023,31/12/2023,,Dengue,De 20 a 24 anos,"181,096","2,702.12","10,136",4,0.002,"6,702"
Nicaragua,,1/1/2016,31/12/2016,,Dengue,De 25 a 34 anos,"88,463","1,438.42","6,616",16,0.018,"6,150"
Nicaragua,,1/1/2017,31/12/2017,,Dengue,De 25 a 34 anos,"64,712","1,040.72","2,511",2,0.003,"6,218"
Nicaragua,,1/1/2018,31/12/2018,,Dengue,De 25 a 34 anos,"58,746",934.70,"2,103",6,0.010,"6,285"
Nicaragua,,1/1/2019,31/12/2019,,Dengue,De 25 a 34 anos,"186,173","2,962.18","10,587",30,0.016,"6,285"
Nicaragua,,1/1/2020,31/12/2020,,Dengue,De 25 a 34 anos,"53,953",858.44,"1,259",1,0.002,"6,285"
Nicaragua,,1/1/2021,31/12/2021,,Dengue,De 25 a 34 anos,"36,741",548.21,515,0,0.000,"6,702"
Nicaragua,,1/1/2015,31/12/2015,,Dengue,De 25 a 34 anos,"49,326",788.33,"4,082",15,0.030,"6,257"
Panamá,,1/1/2020,31/12/2020,,Dengue,De 25 a 34 anos,"3,987",95.77,"1,828",6,0.150,"4,163"
Panamá,,1/1/2018,31/12/2018,,Dengue,De 25 a 34 anos,"7,944",190.82,"4,313",3,0.038,"4,163"
Panamá,,1/1/2021,31/12/2021,,Dengue,De 35 a 44 anos,"3,685",84.09,"2,155",2,0.054,"4,382"
Panamá,,1/1/2022,31/12/2022,,Dengue,De 35 a 44 anos,"11,924",271.12,"8,029",5,0.042,"4,398"
Panamá,,1/1/2014,31/12/2014,,Dengue,De 35 a 44 anos,"5,517",140.52,"3,145",9,0.163,"3,926"
Panamá,,1/1/2015,31/12/2015,,Dengue,De 35 a 44 anos,"4,815",120.74,"2,453",4,0.083,"3,988"
Panamá,,1/1/2016,31/12/2016,,Dengue,De 35 a 44 anos,"9,526",238.75,"3,286",9,0.094,"3,990"
Panamá,,1/1/2017,31/12/2017,,Dengue,De 35 a 44 anos,"10,702",261.09,"4,518",2,0.019,"4,099"
Panamá,,1/1/2023,31/12/2023,,Dengue,De 45 a 65 anos,"20,924",469.46,"16,577",18,0.086,"4,457"
Panamá,,1/1/2024,31/12/2024,,Dengue,De 45 a 65 anos,"4,989",111.94,"3,521",9,0.180,"4,457"
Panamá,,1/1/2019,31/12/2019,,Dengue,De 45 a 65 anos,"9,661",232.07,"5,055",6,0.062,"4,163"
Istmo Centroamericano y México,,1/1/2014,31/12/2014,,Dengue,De 45 a 65 anos,"295,668",174.25,"55,479",72,0.024,"169,677"
Istmo Centroamericano y México,,1/1/2015,31/12/2015,,Dengue,De 45 a 65 anos,"406,570",236.47,"44,737",81,0.020,"171,936"
Istmo Centroamericano y México,,1/1/2016,31/12/2016,,Dengue,De 45 a 65 anos,"294,630",168.36,"28,298",64,0.022,"175,005"
Istmo Centroamericano y México,,1/1/2017,31/12/2017,,Dengue,De 5 a 9 anos,"186,223",105.02,"22,974",62,0.033,"177,318"
Istmo Centroamericano y México,,1/1/2018,31/12/2018,,Dengue,De 5 a 9 anos,"172,588",96.09,"22,400",87,0.050,"179,616"
Istmo Centroamericano y México,,1/1/2019,31/12/2019,,Dengue,Mayores de 65 anos,"687,373",383.24,"63,975",717,0.104,"179,357"
Istmo Centroamericano y México,,1/1/2020,31/12/2020,,Dengue,Sin Especificar,"226,317",126.18,"29,031",106,0.047,"179,357"
Istmo Centroamericano y México,,1/1/2021,31/12/2021,,Dengue,De 2 a 4 anos,"113,812",62.63,"10,623",55,0.048,"181,722"
Istmo Centroamericano y México,,1/1/2022,31/12/2022,,Dengue,De 5 a 9 anos,"232,234",127.76,"28,282",83,0.036,"181,774"
Istmo Centroamericano y México,,1/1/2023,31/12/2023,,Dengue,De 10 a 14 anos,"624,516",341.41,"93,900",393,0.063,"182,924"
Istmo Centroamericano y México,,1/1/2024,31/12/2024,,Dengue,De 10 a 14 anos,"101,739",55.29,"16,366",39,0.038,"184,002"
Bolivia,,1/1/2019,31/12/2019,,Dengue,De 20 a 24 anos,"19,987",178.20,"7,353",30,0.150,"11,216"
Bolivia,,1/1/2020,31/12/2020,,Dengue,De 20 a 24 anos,"111,347",992.75,"14,678",41,0.037,"11,216"
Bolivia,,1/1/2021,31/12/2021,,Dengue,De 25 a 34 anos,"8,947",75.61,"2,402",2,0.022,"11,833"
Bolivia,,1/1/2022,31/12/2022,,Dengue,De 25 a 34 anos,"16,544",139.81,"4,362",10,0.060,"11,833"
Bolivia,,1/1/2023,31/12/2023,,Dengue,De 25 a 34 anos,"156,774","1,324.89","23,922",88,0.056,"11,833"
Bolivia,,1/1/2024,31/12/2024,,Dengue,De 25 a 34 anos,"17,580",148.57,"4,221",9,0.051,"11,833"
Bolivia,,1/1/2018,31/12/2018,,Dengue,De 35 a 44 anos,"7,597",67.73,"1,348",6,0.079,"11,216"
Bolivia,,1/1/2016,31/12/2016,,Dengue,De 45 a 65 anos,"32,386",297.45,"4,413",2,0.006,"10,888"
Bolivia,,1/1/2017,31/12/2017,,Dengue,De 45 a 65 anos,"9,923",89.78,917,2,0.020,"11,052"
Bolivia,,1/1/2015,31/12/2015,,Dengue,Mayores de 65 anos,"27,099",245.80,"2,432",1,0.004,"11,025"
Bolivia,,1/1/2014,31/12/2014,,Dengue,De 45 a 65 anos,"23,471",216.36,"3,469",0,0.000,"10,848"
Colombia,,1/1/2024,31/12/2024,,Dengue,De 25 a 34 anos,"94,558",184.45,"59,797",28,0.030,"51,266"
Colombia,,1/1/2017,31/12/2017,,Dengue,De 15 a 19 anos,"25,284",51.53,"6,784",15,0.059,"49,066"
Colombia,,1/1/2018,31/12/2018,,Dengue,De 20 a 24 anos,"44,825",90.62,"4,063",23,0.051,"49,465"
Colombia,,1/1/2019,31/12/2019,,Dengue,De 25 a 34 anos,"127,553",257.87,"38,016",87,0.068,"49,465"
Colombia,,1/1/2014,31/12/2014,,Dengue,De 25 a 34 anos,"107,975",220.67,"47,946",88,0.082,"48,930"
Colombia,,1/1/2015,31/12/2015,,Dengue,De 35 a 44 anos,"96,444",194.72,"39,475",155,0.161,"49,529"
Colombia,,1/1/2016,31/12/2016,,Dengue,De 35 a 44 anos,"101,016",207.62,"45,809",60,0.059,"48,654"
Colombia,,1/1/2020,31/12/2020,,Dengue,De 45 a 65 anos,"78,979",159.67,"17,401",55,0.070,"49,465"
Colombia,,1/1/2021,31/12/2021,,Dengue,De 45 a 65 anos,"53,334",104.03,"29,334",43,0.081,"51,266"
Colombia,,1/1/2022,31/12/2022,,Dengue,Mayores de 65 anos,"69,497",135.56,"47,366",48,0.069,"51,266"
Colombia,,1/1/2023,31/12/2023,,Dengue,Mayores de 65 anos,"131,784",257.06,"95,575",90,0.068,"51,266"
Ecuador,,1/1/2024,31/12/2024,,Dengue,De 25 a 34 anos,"19,151",107.06,"19,151",23,0.120,"17,888"
Ecuador,,1/1/2018,31/12/2018,,Dengue,De 45 a 65 anos,"3,099",18.38,131,1,0.032,"16,863"
Ecuador,,1/1/2019,31/12/2019,,Dengue,Mayores de 65 anos,"8,416",49.91,821,2,0.024,"16,863"
Ecuador,,1/1/2020,31/12/2020,,Dengue,De 10 a 14 anos,"19,950",118.31,,6,0.030,"16,863"
Ecuador,,1/1/2021,31/12/2021,,Dengue,De 10 a 14 anos,"20,592",115.12,"20,592",19,0.092,"17,888"
Ecuador,,1/1/2022,31/12/2022,,Dengue,De 10 a 14 anos,"16,017",89.54,"16,017",13,0.081,"17,888"
Ecuador,,1/1/2023,31/12/2023,,Dengue,De 10 a 14 anos,"27,838",155.62,"27,838",33,0.119,"17,888"
Ecuador,,1/1/2014,31/12/2014,,Dengue,De 10 a 14 anos,"15,531",97.17,"15,531",12,0.077,"15,983"
Ecuador,,1/1/2015,31/12/2015,,Dengue,De 10 a 14 anos,"42,473",261.76,"1,437",8,0.019,"16,226"
Ecuador,,1/1/2016,31/12/2016,,Dengue,De 10 a 14 anos,"14,159",86.41,"14,159",4,0.028,"16,385"
Ecuador,,1/1/2017,31/12/2017,,Dengue,De 10 a 14 anos,"11,387",68.49,"11,387",4,0.035,"16,625"
Perú,,1/1/2020,31/12/2020,,Dengue,De 10 a 14 anos,"56,394",173.24,"35,641",88,0.156,"32,552"
Perú,,1/1/2021,31/12/2021,,Dengue,De 10 a 14 anos,"49,274",147.71,"38,258",39,0.079,"33,359"
Perú,,1/1/2022,31/12/2022,,Dengue,De 10 a 14 anos,"72,851",218.38,"53,736",84,0.115,"33,359"
Perú,,1/1/2023,31/12/2023,,Dengue,De 15 a 19 anos,"274,227",822.05,"230,872",441,0.161,"33,359"
Perú,,1/1/2024,31/12/2024,,Dengue,De 15 a 19 anos,"112,659",337.72,"74,554",99,0.088,"33,359"
Perú,,1/1/2014,31/12/2014,,Dengue,De 15 a 19 anos,"19,043",61.89,"11,623",31,0.163,"30,769"
Perú,,1/1/2015,31/12/2015,,Dengue,De 15 a 19 anos,"35,837",115.01,"32,511",41,0.114,"31,161"
Perú,,1/1/2016,31/12/2016,,Dengue,De 15 a 19 anos,"31,868",100.30,"17,055",37,0.116,"31,774"
Perú,,1/1/2017,31/12/2017,,Dengue,De 15 a 19 anos,"76,093",236.57,"27,241",76,0.100,"32,165"
Perú,,1/1/2019,31/12/2019,,Dengue,De 15 a 19 anos,"17,143",52.66,,37,0.216,"32,552"
Perú,,1/1/2018,31/12/2018,,Dengue,De 15 a 19 anos,"6,930",21.29,,15,0.216,"32,552"
Venezuela,,1/1/2017,31/12/2017,,Dengue,De 15 a 19 anos,"8,615",26.94,"1,588",16,0.186,"31,977"
Venezuela,,1/1/2018,31/12/2018,,Dengue,De 15 a 19 anos,"19,118",59.04,"2,440",24,0.126,"32,381"
Venezuela,,1/1/2019,31/12/2019,,Dengue,De 15 a 19 anos,"16,015",49.46,880,23,0.144,"32,381"
Venezuela,,1/1/2020,31/12/2020,,Dengue,De 15 a 19 anos,"6,721",20.76,304,14,0.208,"32,381"
Venezuela,,1/1/2021,31/12/2021,,Dengue,De 2 a 4 anos,"5,926",20.64,263,8,0.135,"28,705"
Venezuela,,1/1/2014,31/12/2014,,Dengue,De 2 a 4 anos,"87,529",283.72,70,0,0.000,"30,851"
Venezuela,,1/1/2015,31/12/2015,,Dengue,De 2 a 4 anos,"54,152",173.05,"13,837",90,0.166,"31,293"
Venezuela,,1/1/2016,31/12/2016,,Dengue,De 2 a 4 anos,"29,268",92.86,"5,833",39,0.133,"31,519"
Venezuela,,1/1/2022,31/12/2022,,Dengue,De 2 a 4 anos,"11,409",39.75,"2,592",18,0.158,"28,705"
Venezuela,,1/1/2023,31/12/2023,,Dengue,De 2 a 4 anos,"4,809",16.75,"1,445",8,0.166,"28,705"
Subregión Andina,,1/1/2014,31/12/2014,,Dengue,De 20 a 24 anos,"253,549",184.56,"78,639",131,0.052,"137,381"
Subregión Andina,,1/1/2015,31/12/2015,,Dengue,De 20 a 24 anos,"256,005",183.87,"89,692",295,0.115,"139,234"
Subregión Andina,,1/1/2016,31/12/2016,,Dengue,De 20 a 24 anos,"208,697",149.90,"87,269",142,0.068,"139,220"
Subregión Andina,,1/1/2017,31/12/2017,,Dengue,De 20 a 24 anos,"131,302",93.20,"47,917",113,0.086,"140,885"
Subregión Andina,,1/1/2018,31/12/2018,,Dengue,De 20 a 24 anos,"81,569",57.25,"7,982",69,0.085,"142,477"
Subregión Andina,,1/1/2019,31/12/2019,,Dengue,De 20 a 24 anos,"189,114",132.73,"47,070",179,0.095,"142,477"
Subregión Andina,,1/1/2020,31/12/2020,,Dengue,De 20 a 24 anos,"273,391",191.88,"68,024",204,0.075,"142,477"
Subregión Andina,,1/1/2021,31/12/2021,,Dengue,De 20 a 24 anos,"138,073",96.52,"90,849",111,0.080,"143,051"
Subregión Andina,,1/1/2022,31/12/2022,,Dengue,De 20 a 24 anos,"186,318",130.25,"124,073",173,0.093,"143,051"
Subregión Andina,,1/1/2023,31/12/2023,,Dengue,De 20 a 24 anos,"595,432",416.24,"379,652",660,0.111,"143,051"
Subregión Andina,,1/1/2024,31/12/2024,,Dengue,De 20 a 24 anos,"243,948",213.34,"157,723",159,0.065,"114,346"
Argentina,,1/1/2018,31/12/2018,,Dengue,De 20 a 24 anos,"1,829",4.09,"1,175",0,0.000,"44,689"
Argentina,,1/1/2022,31/12/2022,,Dengue,De 25 a 34 anos,750,1.64,750,0,0.000,"45,606"
Argentina,,1/1/2023,31/12/2023,,Dengue,De 25 a 34 anos,"130,287",285.68,"130,287",75,0.058,"45,606"
Argentina,,1/1/2024,31/12/2024,,Dengue,De 25 a 34 anos,"215,885",473.37,"113,258",151,0.070,"45,606"
Argentina,,1/1/2020,31/12/2020,,Dengue,De 25 a 34 anos,"59,358",132.82,"58,415",19,0.032,"44,689"
Argentina,,1/1/2021,31/12/2021,,Dengue,De 25 a 34 anos,"3,972",8.71,"3,972",0,0.000,"45,606"
Argentina,,1/1/2017,31/12/2017,,Dengue,De 25 a 34 anos,557,1.26,254,0,0.000,"44,271"
Argentina,,1/1/2014,31/12/2014,,Dengue,De 25 a 34 anos,"3,270",7.82,490,0,0.000,"41,803"
Argentina,,1/1/2015,31/12/2015,,Dengue,De 25 a 34 anos,"4,774",11.32,"1,208",0,0.000,"42,155"
Argentina,,1/1/2016,31/12/2016,,Dengue,De 25 a 34 anos,"79,455",181.21,"41,211",10,0.013,"43,847"
Argentina,,1/1/2019,31/12/2019,,Dengue,De 25 a 34 anos,"3,220",7.21,"1,720",0,0.000,"44,689"
Brasil,,1/1/2021,31/12/2021,,Dengue,De 25 a 34 anos,"975,474",455.84,"414,154",239,0.025,"213,993"
Brasil,,1/1/2014,31/12/2014,,Dengue,De 25 a 34 anos,"591,080",292.56,"220,539",410,0.069,"202,034"
Brasil,,1/1/2015,31/12/2015,,Dengue,De 25 a 34 anos,"1,649,008",809.70,"500,972",863,0.052,"203,657"
Brasil,,1/1/2016,31/12/2016,,Dengue,De 25 a 34 anos,"2,220,482","1,059.55","1,039,147",707,0.032,"209,568"
Brasil,,1/1/2017,31/12/2017,,Dengue,De 25 a 34 anos,"505,239",241.41,"156,169",144,0.029,"209,288"
Brasil,,1/1/2018,31/12/2018,,Dengue,De 25 a 34 anos,"462,326",219.25,"176,814",160,0.035,"210,868"
Brasil,,1/1/2019,31/12/2019,,Dengue,De 25 a 34 anos,"2,248,570","1,078.48","1,290,861",840,0.037,"208,495"
Brasil,,1/1/2020,31/12/2020,,Dengue,De 25 a 34 anos,"1,467,142",703.68,"765,114",554,0.038,"208,495"
Brasil,,1/1/2022,31/12/2022,,Dengue,De 25 a 34 anos,"2,363,490","1,104.47","1,210,760",991,0.042,"213,993"
Brasil,,1/1/2023,31/12/2023,,Dengue,De 35 a 44 anos,"3,089,019","1,443.51","1,409,465","1,179",0.038,"213,993"
Brasil,,1/1/2024,31/12/2024,,Dengue,De 35 a 44 anos,"3,886,721","1,816.28","1,547,482","1,116",0.029,"213,993"
Chile,,1/1/2014,31/12/2014,,Dengue,De 35 a 44 anos,30,0.17,30,0,0.000,"17,773"
Chile,,1/1/2015,31/12/2015,,Dengue,De 35 a 44 anos,40,0.22,7,0,0.000,"17,924"
Chile,,1/1/2021,31/12/2021,,Dengue,De 35 a 44 anos,0,0.00,0,0,,"19,212"
Chile,,1/1/2022,31/12/2022,,Dengue,De 35 a 44 anos,0,0.00,0,0,,"19,212"
Chile,,1/1/2023,31/12/2023,,Dengue,De 35 a 44 anos,0,0.00,0,0,,"19,212"
Chile,,1/1/2016,31/12/2016,,Dengue,De 35 a 44 anos,33,0.18,0,0,0.000,"18,132"
Chile,,1/1/2018,31/12/2018,,Dengue,De 35 a 44 anos,18,0.10,18,0,0.000,"18,197"
Chile,,1/1/2019,31/12/2019,,Dengue,De 35 a 44 anos,29,0.16,28,0,0.000,"18,197"
Chile,,1/1/2024,31/12/2024,,Dengue,De 35 a 44 anos,44,0.23,44,0,0.000,"19,212"
Chile,,1/1/2017,31/12/2017,,Dengue,De 35 a 44 anos,10,0.06,10,0,0.000,"18,055"
Chile,,1/1/2020,31/12/2020,,Dengue,De 35 a 44 anos,9,0.05,9,0,0.000,"18,197"
Paraguay,,1/1/2017,31/12/2017,,Dengue,De 35 a 44 anos,"1,832",26.90,616,0,0.000,"6,811"
Paraguay,,1/1/2018,31/12/2018,,Dengue,De 35 a 44 anos,"32,359",469.18,"3,414",15,0.046,"6,897"
Paraguay,,1/1/2022,31/12/2022,,Dengue,De 35 a 44 anos,"7,428",99.72,195,0,0.000,"7,449"
Paraguay,,1/1/2023,31/12/2023,,Dengue,De 45 a 65 anos,"63,216",836.85,"14,936",24,0.038,"7,554"
Paraguay,,1/1/2024,31/12/2024,,Dengue,De 45 a 65 anos,"212,939","2,818.89","27,286",64,0.030,"7,554"
Paraguay,,1/1/2014,31/12/2014,,Dengue,De 45 a 65 anos,"10,014",144.75,"2,601",5,0.050,"6,918"
Paraguay,,1/1/2015,31/12/2015,,Dengue,De 45 a 65 anos,"68,652",976.14,"5,258",5,0.007,"7,033"
Paraguay,,1/1/2019,31/12/2019,,Dengue,De 45 a 65 anos,"11,811",171.25,"1,161",9,0.076,"6,897"
Paraguay,,1/1/2020,31/12/2020,,Dengue,De 45 a 65 anos,"223,782","3,244.63","62,090",75,0.034,"6,897"
Paraguay,,1/1/2021,31/12/2021,,Dengue,De 45 a 65 anos,"16,897",234.03,794,4,0.024,"7,220"
Paraguay,,1/1/2016,31/12/2016,,Dengue,De 45 a 65 anos,"70,215","1,044.09","2,556",16,0.023,"6,725"
Uruguay,,1/1/2014,31/12/2014,,Dengue,De 45 a 65 anos,0,0.00,0,0,,"3,419"
Uruguay,,1/1/2015,31/12/2015,,Dengue,De 45 a 65 anos,13,0.38,0,0,0.000,"3,430"
Uruguay,,1/1/2017,31/12/2017,,Dengue,De 45 a 65 anos,0,0.00,0,0,,"3,457"
Uruguay,,1/1/2018,31/12/2018,,Dengue,De 45 a 65 anos,0,0.00,0,0,,"3,470"
Uruguay,,1/1/2019,31/12/2019,,Dengue,De 45 a 65 anos,0,0.00,0,0,,"3,470"
Uruguay,,1/1/2021,31/12/2021,,Dengue,De 45 a 65 anos,52,1.49,2,0,0.000,"3,485"
Uruguay,,1/1/2022,31/12/2022,,Dengue,De 45 a 65 anos,80,2.30,20,0,0.000,"3,485"
Uruguay,,1/1/2023,31/12/2023,,Dengue,De 45 a 65 anos,48,1.38,48,0,0.000,"3,485"
Uruguay,,1/1/2016,31/12/2016,,Dengue,De 5 a 9 anos,19,0.55,19,0,0.000,"3,444"
Uruguay,,1/1/2020,31/12/2020,,Dengue,De 5 a 9 anos,4,0.12,4,0,0.000,"3,470"
Uruguay,,1/1/2024,31/12/2024,,Dengue,De 5 a 9 anos,175,5.02,175,1,0.571,"3,485"
Cono Sur,,1/1/2014,31/12/2014,,Dengue,De 5 a 9 anos,"604,394",222.25,"223,660",415,0.069,"271,947"
Cono Sur,,1/1/2015,31/12/2015,,Dengue,De 5 a 9 anos,"1,722,487",628.19,"507,445",868,0.050,"274,199"
Cono Sur,,1/1/2016,31/12/2016,,Dengue,De 5 a 9 anos,"2,370,204",841.35,"1,082,933",733,0.031,"281,716"
Cono Sur,,1/1/2017,31/12/2017,,Dengue,De 5 a 9 anos,"507,638",180.09,"157,049",144,0.028,"281,882"
Cono Sur,,1/1/2018,31/12/2018,,Dengue,De 5 a 9 anos,"496,532",174.76,"181,421",175,0.035,"284,121"
Cono Sur,,1/1/2019,31/12/2019,,Dengue,De 5 a 9 anos,"2,263,630",803.42,"1,293,770",849,0.038,"281,748"
Cono Sur,,1/1/2020,31/12/2020,,Dengue,De 5 a 9 anos,"1,750,295",621.23,"885,632",648,0.037,"281,748"
Cono Sur,,1/1/2021,31/12/2021,,Dengue,De 5 a 9 anos,"996,395",344.16,"418,922",243,0.024,"289,516"
Cono Sur,,1/1/2022,31/12/2022,,Dengue,Mayores de 65 anos,"2,371,748",818.56,"1,211,725",991,0.042,"289,745"
Cono Sur,,1/1/2023,31/12/2023,,Dengue,Mayores de 65 anos,"3,282,570","1,132.51","1,554,736","1,278",0.039,"289,850"
Cono Sur,,1/1/2024,31/12/2024,,Dengue,Mayores de 65 anos,"4,315,764","1,488.96","1,688,245","1,332",0.031,"289,850"
Cuba,,1/1/2014,31/12/2014,,Dengue,Mayores de 65 anos,"2,522",22.40,"2,522",0,0.000,"11,259"
Cuba,,1/1/2023,31/12/2023,,Dengue,Mayores de 65 anos,,,,,,"11,317"
Cuba,,1/1/2019,31/12/2019,,Dengue,Mayores de 65 anos,"3,259",28.37,"2,935",0,0.000,"11,489"
Cuba,,1/1/2020,31/12/2020,,Dengue,Mayores de 65 anos,"1,418",12.34,"1,418",,,"11,489"
Cuba,,1/1/2021,31/12/2021,,Dengue,Mayores de 65 anos,"1,160",10.25,,,,"11,317"
Cuba,,1/1/2022,31/12/2022,,Dengue,Mayores de 65 anos,"3,036",26.83,"3,036",1,0.033,"11,317"
Cuba,,1/1/2018,31/12/2018,,Dengue,Mayores de 65 anos,"2,128",18.52,"2,128",0,0.000,"11,489"
Cuba,,1/1/2016,31/12/2016,,Dengue,Mayores de 65 anos,"1,836",16.12,"1,836",0,0.000,"11,393"
Cuba,,1/1/2017,31/12/2017,,Dengue,De 20 a 24 anos,"1,248",10.87,"1,248",0,0.000,"11,485"
Cuba,,1/1/2015,31/12/2015,,Dengue,De 35 a 44 anos,"1,691",15.03,"1,691",0,0.000,"11,249"
República Dominicana,,1/1/2016,31/12/2016,,Dengue,De 10 a 14 anos,"6,645",62.40,0,39,0.587,"10,649"
República Dominicana,,1/1/2021,31/12/2021,,Dengue,De 15 a 19 anos,"3,746",34.20,69,26,0.694,"10,954"
República Dominicana,,1/1/2024,31/12/2024,,Dengue,De 15 a 19 anos,"6,964",63.57,698,,,"10,954"
República Dominicana,,1/1/2020,31/12/2020,,Dengue,De 15 a 19 anos,"3,964",36.42,453,36,0.908,"10,883"
República Dominicana,,1/1/2018,31/12/2018,,Dengue,De 20 a 24 anos,"1,558",14.32,122,1,0.064,"10,883"
República Dominicana,,1/1/2019,31/12/2019,,Dengue,De 20 a 24 anos,"20,183",185.45,"3,648",53,0.263,"10,883"
República Dominicana,,1/1/2023,31/12/2023,,Dengue,De 25 a 34 anos,"27,972",255.36,833,62,0.222,"10,954"
República Dominicana,,1/1/2014,31/12/2014,,Dengue,De 25 a 34 anos,"6,274",59.59,,62,0.988,"10,529"
República Dominicana,,1/1/2017,31/12/2017,,Dengue,De 25 a 34 anos,"1,363",12.66,18,3,0.220,"10,767"
República Dominicana,,1/1/2022,31/12/2022,,Dengue,De 35 a 44 anos,"10,784",98.45,,39,0.362,"10,954"
República Dominicana,,1/1/2015,31/12/2015,,Dengue,De 35 a 44 anos,"17,048",160.05,0,107,0.628,"10,652"
Puerto Rico,,1/1/2016,31/12/2016,,Dengue,De 35 a 44 anos,168,4.56,168,0,0.000,"3,681"
Puerto Rico,,1/1/2017,31/12/2017,,Dengue,De 45 a 65 anos,0,0.00,0,0,,"3,663"
Puerto Rico,,1/1/2018,31/12/2018,,Dengue,De 15 a 19 anos,0,0.00,0,0,,"3,659"
Puerto Rico,,1/1/2019,31/12/2019,,Dengue,De 10 a 14 anos,37,1.01,37,0,0.000,"3,659"
Puerto Rico,,1/1/2020,31/12/2020,,Dengue,De 10 a 14 anos,914,24.98,851,0,0.000,"3,659"
Puerto Rico,,1/1/2021,31/12/2021,,Dengue,De 15 a 19 anos,636,22.49,573,2,0.314,"2,828"
Puerto Rico,,1/1/2022,31/12/2022,,Dengue,De 15 a 19 anos,"1,023",36.17,897,3,0.293,"2,828"
Puerto Rico,,1/1/2023,31/12/2023,,Dengue,De 15 a 19 anos,"1,242",43.92,942,0,0.000,"2,828"
Puerto Rico,,1/1/2024,31/12/2024,,Dengue,De 15 a 19 anos,656,23.20,564,0,0.000,"2,828"
Puerto Rico,,1/1/2015,31/12/2015,,Dengue,De 15 a 19 anos,"1,867",50.73,57,0,0.000,"3,680"
Puerto Rico,,1/1/2014,31/12/2014,,Dengue,De 2 a 4 anos,"8,880",241.04,530,0,0.000,"3,684"
Caribe Latino,,1/1/2014,31/12/2014,,Dengue,De 20 a 24 anos,"17,676",69.39,"3,052",62,0.351,"25,472"
Caribe Latino,,1/1/2015,31/12/2015,,Dengue,De 20 a 24 anos,"20,606",80.55,"1,748",107,0.519,"25,581"
Caribe Latino,,1/1/2016,31/12/2016,,Dengue,De 25 a 34 anos,"8,649",33.62,"2,004",39,0.451,"25,723"
Caribe Latino,,1/1/2017,31/12/2017,,Dengue,De 25 a 34 anos,"2,611",10.08,"1,266",3,0.115,"25,915"
Caribe Latino,,1/1/2018,31/12/2018,,Dengue,De 25 a 34 anos,"3,686",14.16,"2,250",1,0.027,"26,031"
Caribe Latino,,1/1/2019,31/12/2019,,Dengue,De 25 a 34 anos,"23,479",90.20,"6,620",53,0.226,"26,031"
Caribe Latino,,1/1/2020,31/12/2020,,Dengue,De 25 a 34 anos,"6,296",24.19,"2,722",36,0.572,"26,031"
Caribe Latino,,1/1/2021,31/12/2021,,Dengue,De 25 a 34 anos,"5,542",22.08,642,28,0.505,"25,099"
Caribe Latino,,1/1/2022,31/12/2022,,Dengue,De 25 a 34 anos,"14,843",59.14,"3,933",43,0.290,"25,099"
Caribe Latino,,1/1/2023,31/12/2023,,Dengue,De 35 a 44 anos,"29,214",116.40,"1,775",62,0.212,"25,099"
Caribe Latino,,1/1/2024,31/12/2024,,Dengue,De 35 a 44 anos,"7,620",55.29,"1,262",0,0.000,"13,782"
Anguila,,1/1/2015,31/12/2015,,Dengue,De 35 a 44 anos,8,50.00,2,0,0.000,16
Anguila,,1/1/2016,31/12/2016,,Dengue,De 35 a 44 anos,50,294.12,2,0,0.000,17
Anguila,,1/1/2017,31/12/2017,,Dengue,De 35 a 44 anos,22,129.41,2,,,17
Anguila,,1/1/2018,31/12/2018,,Dengue,De 35 a 44 anos,1,5.88,0,0,0.000,17
Anguila,,1/1/2021,31/12/2021,,Dengue,De 35 a 44 anos,,,,,,18
Anguila,,1/1/2022,31/12/2022,,Dengue,De 45 a 65 anos,,,,,,18
Anguila,,1/1/2019,31/12/2019,,Dengue,De 45 a 65 anos,6,35.29,2,0,0.000,17
Anguila,,1/1/2020,31/12/2020,,Dengue,De 45 a 65 anos,6,35.29,2,0,0.000,17
Anguila,,1/1/2014,31/12/2014,,Dengue,De 45 a 65 anos,86,537.50,8,0,0.000,16
Anguila,,1/1/2023,31/12/2023,,Dengue,De 5 a 9 anos,1,5.56,1,0,0.000,18
Antigua y Barbuda,,1/1/2015,31/12/2015,,Dengue,De 5 a 9 anos,14,15.22,14,0,0.000,92
Antigua y Barbuda,,1/1/2017,31/12/2017,,Dengue,De 5 a 9 anos,1,1.05,0,0,0.000,95
Antigua y Barbuda,,1/1/2018,31/12/2018,,Dengue,Mayores de 65 anos,8,7.77,7,0,0.000,103
Antigua y Barbuda,,1/1/2021,31/12/2021,,Dengue,De 45 a 65 anos,25,25.25,0,0,0.000,99
Antigua y Barbuda,,1/1/2022,31/12/2022,,Dengue,De 10 a 14 anos,48,48.48,0,0,0.000,99
Antigua y Barbuda,,1/1/2024,31/12/2024,,Dengue,De 10 a 14 anos,41,41.41,6,0,0.000,99
Antigua y Barbuda,,1/1/2023,31/12/2023,,Dengue,De 10 a 14 anos,254,256.57,35,0,0.000,99
Antigua y Barbuda,,1/1/2014,31/12/2014,,Dengue,De 10 a 14 anos,37,40.66,17,0,0.000,91
Antigua y Barbuda,,1/1/2016,31/12/2016,,Dengue,De 10 a 14 anos,103,109.57,3,0,0.000,94
Antigua y Barbuda,,1/1/2019,31/12/2019,,Dengue,De 10 a 14 anos,"1,223","1,187.38",36,0,0.000,103
Antigua y Barbuda,,1/1/2020,31/12/2020,,Dengue,De 15 a 19 anos,407,395.15,12,0,0.000,103
Aruba,,1/1/2015,31/12/2015,,Dengue,De 15 a 19 anos,335,299.11,206,0,0.000,112
Aruba,,1/1/2016,31/12/2016,,Dengue,De 15 a 19 anos,"1,319","1,157.02",103,0,0.000,114
Aruba,,1/1/2017,31/12/2017,,Dengue,De 15 a 19 anos,"1,734","1,507.83",23,,,115
Aruba,,1/1/2018,31/12/2018,,Dengue,De 15 a 19 anos,9,8.49,9,0,0.000,106
Aruba,,1/1/2019,31/12/2019,,Dengue,De 15 a 19 anos,106,100.00,7,0,0.000,106
Aruba,,1/1/2020,31/12/2020,,Dengue,De 2 a 4 anos,11,10.38,4,0,0.000,106
Aruba,,1/1/2021,31/12/2021,,Dengue,De 2 a 4 anos,4,3.31,4,0,0.000,121
Aruba,,1/1/2022,31/12/2022,,Dengue,De 2 a 4 anos,11,9.09,2,0,0.000,121
Aruba,,1/1/2023,31/12/2023,,Dengue,De 20 a 24 anos,22,18.18,13,0,0.000,121
Aruba,,1/1/2024,31/12/2024,,Dengue,De 20 a 24 anos,16,13.22,3,0,0.000,121
Aruba,,1/1/2014,31/12/2014,,Dengue,De 20 a 24 anos,400,360.36,34,0,0.000,111
Bahamas,,1/1/2015,31/12/2015,,Dengue,De 20 a 24 anos,10,2.58,3,0,0.000,388
Bahamas,,1/1/2016,31/12/2016,,Dengue,De 20 a 24 anos,82,20.87,1,0,0.000,393
Bahamas,,1/1/2017,31/12/2017,,Dengue,De 20 a 24 anos,14,3.54,0,0,0.000,395
Bahamas,,1/1/2018,31/12/2018,,Dengue,De 20 a 24 anos,10,2.51,0,0,0.000,399
Bahamas,,1/1/2019,31/12/2019,,Dengue,De 20 a 24 anos,27,6.77,0,0,0.000,399
Bahamas,,1/1/2020,31/12/2020,,Dengue,De 25 a 34 anos,3,0.75,0,0,0.000,399
Bahamas,,1/1/2021,31/12/2021,,Dengue,De 25 a 34 anos,,,,,,397
Bahamas,,1/1/2022,31/12/2022,,Dengue,De 25 a 34 anos,,,,,,397
Bahamas,,1/1/2023,31/12/2023,,Dengue,De 25 a 34 anos,243,61.21,243,1,0.412,397
Bahamas,,1/1/2024,31/12/2024,,Dengue,De 25 a 34 anos,0,0.00,0,0,,397
Bahamas,,1/1/2014,31/12/2014,,Dengue,De 25 a 34 anos,146,38.12,14,0,0.000,383
Barbados,,1/1/2016,31/12/2016,,Dengue,De 25 a 34 anos,"1,732",595.19,587,0,0.000,291
Barbados,,1/1/2017,31/12/2017,,Dengue,De 25 a 34 anos,597,204.45,82,0,0.000,292
Barbados,,1/1/2018,31/12/2018,,Dengue,De 25 a 34 anos,67,23.43,0,0,0.000,286
Barbados,,1/1/2019,31/12/2019,,Dengue,De 25 a 34 anos,117,40.91,0,0,0.000,286
Barbados,,1/1/2020,31/12/2020,,Dengue,De 25 a 34 anos,"1,352",472.73,109,1,0.074,286
Barbados,,1/1/2021,31/12/2021,,Dengue,De 25 a 34 anos,448,148.34,133,0,0.000,302
Barbados,,1/1/2022,31/12/2022,,Dengue,De 35 a 44 anos,339,112.25,0,0,0.000,302
Barbados,,1/1/2014,31/12/2014,,Dengue,De 35 a 44 anos,"2,689",927.24,490,0,0.000,290
Barbados,,1/1/2023,31/12/2023,,Dengue,De 35 a 44 anos,771,255.30,630,0,0.000,302
Barbados,,1/1/2024,31/12/2024,,Dengue,De 35 a 44 anos,940,311.26,849,0,0.000,302
Barbados,,1/1/2015,31/12/2015,,Dengue,De 35 a 44 anos,503,172.85,122,1,0.199,291
Bermuda,,1/1/2014,31/12/2014,,Dengue,De 35 a 44 anos,1,1.43,1,0,0.000,70
Bermuda,,1/1/2015,31/12/2015,,Dengue,De 35 a 44 anos,0,0.00,0,0,,70
Bermuda,,1/1/2016,31/12/2016,,Dengue,De 35 a 44 anos,2,2.82,0,0,0.000,71
Bermuda,,1/1/2017,31/12/2017,,Dengue,De 35 a 44 anos,0,0.00,0,0,,71
Bermuda,,1/1/2018,31/12/2018,,Dengue,De 35 a 44 anos,0,0.00,0,0,,71
Bermuda,,1/1/2019,31/12/2019,,Dengue,De 45 a 65 anos,2,2.82,2,0,0.000,71
Bermuda,,1/1/2020,31/12/2020,,Dengue,De 45 a 65 anos,0,0.00,0,0,,71
Bermuda,,1/1/2021,31/12/2021,,Dengue,De 45 a 65 anos,0,0.00,0,0,,72
Bermuda,,1/1/2022,31/12/2022,,Dengue,De 45 a 65 anos,0,0.00,0,0,,72
Bermuda,,1/1/2023,31/12/2023,,Dengue,De 45 a 65 anos,1,1.39,1,0,0.000,72
Bermuda,,1/1/2024,31/12/2024,,Dengue,De 45 a 65 anos,0,0.00,0,0,,72
"Bonaire, San Eustaquio y Saba",,1/1/2014,31/12/2014,,Dengue,De 45 a 65 anos,,,,,,225
"Bonaire, San Eustaquio y Saba",,1/1/2017,31/12/2017,,Dengue,De 45 a 65 anos,,,,,,26
"Bonaire, San Eustaquio y Saba",,1/1/2018,31/12/2018,,Dengue,De 45 a 65 anos,0,0.00,0,0,,26
"Bonaire, San Eustaquio y Saba",,1/1/2019,31/12/2019,,Dengue,De 45 a 65 anos,0,0.00,0,0,,26
"Bonaire, San Eustaquio y Saba",,1/1/2020,31/12/2020,,Dengue,De 45 a 65 anos,0,0.00,0,0,,26
"Bonaire, San Eustaquio y Saba",,1/1/2021,31/12/2021,,Dengue,De 5 a 9 anos,,,,,,26
"Bonaire, San Eustaquio y Saba",,1/1/2022,31/12/2022,,Dengue,De 5 a 9 anos,,,,,,26
"Bonaire, San Eustaquio y Saba",,1/1/2023,31/12/2023,,Dengue,De 5 a 9 anos,,,,,,26
"Bonaire, San Eustaquio y Saba",,1/1/2024,31/12/2024,,Dengue,De 5 a 9 anos,207,796.15,134,0,0.000,26
Curazao,,1/1/2014,31/12/2014,,Dengue,De 5 a 9 anos,194,131.08,20,0,0.000,148
Curazao,,1/1/2015,31/12/2015,,Dengue,De 5 a 9 anos,0,0.00,0,0,,150
Curazao,,1/1/2016,31/12/2016,,Dengue,De 5 a 9 anos,0,0.00,0,0,,150
Curazao,,1/1/2017,31/12/2017,,Dengue,Mayores de 65 anos,0,0.00,0,0,,150
Curazao,,1/1/2018,31/12/2018,,Dengue,Mayores de 65 anos,0,0.00,0,0,,162
Curazao,,1/1/2019,31/12/2019,,Dengue,Mayores de 65 anos,0,0.00,0,0,,162
Curazao,,1/1/2020,31/12/2020,,Dengue,Mayores de 65 anos,0,0.00,0,0,,162
Curazao,,1/1/2021,31/12/2021,,Dengue,Mayores de 65 anos,,,,,,152
Curazao,,1/1/2022,31/12/2022,,Dengue,De 10 a 14 anos,,,,,,152
Curazao,,1/1/2023,31/12/2023,,Dengue,De 15 a 19 anos,,,,,,152
Curazao,,1/1/2024,31/12/2024,,Dengue,De 15 a 19 anos,262,172.37,228,0,0.000,152
Dominica,,1/1/2015,31/12/2015,,Dengue,De 20 a 24 anos,38,51.35,11,0,0.000,74
Dominica,,1/1/2016,31/12/2016,,Dengue,De 20 a 24 anos,351,474.32,6,0,0.000,74
Dominica,,1/1/2017,31/12/2017,,Dengue,De 20 a 24 anos,33,44.59,0,0,0.000,74
Dominica,,1/1/2018,31/12/2018,,Dengue,De 25 a 34 anos,45,60.81,1,0,0.000,74
Dominica,,1/1/2021,31/12/2021,,Dengue,De 25 a 34 anos,0,0.00,0,0,,75
Dominica,,1/1/2022,31/12/2022,,Dengue,De 25 a 34 anos,3,4.00,3,0,0.000,75
Dominica,,1/1/2023,31/12/2023,,Dengue,De 35 a 44 anos,,,,,,75
Dominica,,1/1/2020,31/12/2020,,Dengue,De 35 a 44 anos,88,118.92,14,0,0.000,74
Dominica,,1/1/2019,31/12/2019,,Dengue,De 35 a 44 anos,"1,066","1,440.54",47,1,0.094,74
Dominica,,1/1/2014,31/12/2014,,Dengue,De 45 a 65 anos,189,258.90,9,0,0.000,73
Granada,,1/1/2014,31/12/2014,,Dengue,De 45 a 65 anos,39,35.45,39,1,2.564,110
Granada,,1/1/2015,31/12/2015,,Dengue,De 5 a 9 anos,25,22.52,25,0,0.000,111
Granada,,1/1/2017,31/12/2017,,Dengue,De 5 a 9 anos,239,213.39,239,0,0.000,112
Granada,,1/1/2018,31/12/2018,,Dengue,De 5 a 9 anos,463,428.70,463,0,0.000,108
Granada,,1/1/2019,31/12/2019,,Dengue,Mayores de 65 anos,106,98.15,106,0,0.000,108
Granada,,1/1/2021,31/12/2021,,Dengue,Mayores de 65 anos,230,201.75,230,0,0.000,114
Granada,,1/1/2022,31/12/2022,,Dengue,De 10 a 14 anos,286,250.88,126,0,0.000,114
Granada,,1/1/2023,31/12/2023,,Dengue,De 10 a 14 anos,628,550.88,0,1,0.159,114
Granada,,1/1/2024,31/12/2024,,Dengue,De 10 a 14 anos,113,99.12,0,0,0.000,114
Granada,,1/1/2016,31/12/2016,,Dengue,De 10 a 14 anos,151,136.04,76,0,0.000,111
Granada,,1/1/2020,31/12/2020,,Dengue,De 10 a 14 anos,253,234.26,171,0,0.000,108
Guadalupe,,1/1/2015,31/12/2015,,Dengue,De 10 a 14 anos,201,42.77,40,0,0.000,470
Guadalupe,,1/1/2017,31/12/2017,,Dengue,De 10 a 14 anos,540,120.00,1,0,0.000,450
Guadalupe,,1/1/2022,31/12/2022,,Dengue,De 10 a 14 anos,790,197.50,29,0,0.000,400
Guadalupe,,1/1/2016,31/12/2016,,Dengue,De 10 a 14 anos,177,37.58,17,0,0.000,471
Guadalupe,,1/1/2018,31/12/2018,,Dengue,De 15 a 19 anos,438,97.55,14,0,0.000,449
Guadalupe,,1/1/2019,31/12/2019,,Dengue,De 15 a 19 anos,"3,230",719.38,702,0,0.000,449
Guadalupe,,1/1/2023,31/12/2023,,Dengue,De 15 a 19 anos,"11,751","2,937.75",896,7,0.060,400
Guadalupe,,1/1/2020,31/12/2020,,Dengue,De 15 a 19 anos,"19,407","4,322.27",282,2,0.010,449
Guadalupe,,1/1/2021,31/12/2021,,Dengue,De 15 a 19 anos,540,135.00,,0,0.000,400
Guadalupe,,1/1/2024,31/12/2024,,Dengue,De 2 a 4 anos,"3,160",790.00,0,0,0.000,400
Guadalupe,,1/1/2014,31/12/2014,,Dengue,De 20 a 24 anos,"1,397",298.50,878,0,0.000,468
Guayana Francesa,,1/1/2017,31/12/2017,,Dengue,De 20 a 24 anos,625,220.85,0,0,0.000,283
Guayana Francesa,,1/1/2018,31/12/2018,,Dengue,De 20 a 24 anos,240,82.76,0,0,0.000,290
Guayana Francesa,,1/1/2022,31/12/2022,,Dengue,De 20 a 24 anos,,,,,,306
Guayana Francesa,,1/1/2016,31/12/2016,,Dengue,De 20 a 24 anos,522,189.13,9,0,0.000,276
Guayana Francesa,,1/1/2019,31/12/2019,,Dengue,De 20 a 24 anos,250,86.21,250,0,0.000,290
Guayana Francesa,,1/1/2020,31/12/2020,,Dengue,De 25 a 34 anos,"8,759","3,020.34","4,287",4,0.046,290
Guayana Francesa,,1/1/2021,31/12/2021,,Dengue,De 25 a 34 anos,"1,756",573.86,331,0,0.000,306
Guayana Francesa,,1/1/2024,31/12/2024,,Dengue,De 25 a 34 anos,"11,638","3,803.27","7,821",0,0.000,306
Guayana Francesa,,1/1/2014,31/12/2014,,Dengue,De 25 a 34 anos,"1,180",462.75,781,0,0.000,255
Guayana Francesa,,1/1/2015,31/12/2015,,Dengue,De 25 a 34 anos,"2,603",993.51,357,0,0.000,262
Guayana Francesa,,1/1/2023,31/12/2023,,Dengue,De 25 a 34 anos,"2,684",877.12,"2,684",0,0.000,306
Guyana,,1/1/2015,31/12/2015,,Dengue,De 25 a 34 anos,388,48.02,388,0,0.000,808
Guyana,,1/1/2016,31/12/2016,,Dengue,De 25 a 34 anos,303,39.30,303,0,0.000,771
Guyana,,1/1/2017,31/12/2017,,Dengue,De 25 a 34 anos,4,0.51,0,0,0.000,778
Guyana,,1/1/2018,31/12/2018,,Dengue,De 25 a 34 anos,286,36.57,286,0,0.000,782
Guyana,,1/1/2019,31/12/2019,,Dengue,De 25 a 34 anos,230,29.41,230,0,0.000,782
Guyana,,1/1/2020,31/12/2020,,Dengue,De 35 a 44 anos,"1,724",220.46,"1,724",0,0.000,782
Guyana,,1/1/2021,31/12/2021,,Dengue,De 35 a 44 anos,"4,380",554.43,"4,380",0,0.000,790
Guyana,,1/1/2023,31/12/2023,,Dengue,De 35 a 44 anos,92,11.65,92,0,0.000,790
Guyana,,1/1/2022,31/12/2022,,Dengue,De 35 a 44 anos,382,48.35,382,0,0.000,790
Guyana,,1/1/2014,31/12/2014,,Dengue,De 35 a 44 anos,863,107.34,863,0,0.000,804
Haití,,1/1/2014,31/12/2014,,Dengue,De 35 a 44 anos,,,,,,"10,461"
Haití,,1/1/2016,31/12/2016,,Dengue,De 35 a 44 anos,,,,,,"10,848"
Haití,,1/1/2017,31/12/2017,,Dengue,De 45 a 65 anos,,,,,,"10,981"
Haití,,1/1/2018,31/12/2018,,Dengue,De 45 a 65 anos,90,0.81,1,0,0.000,"11,113"
Haití,,1/1/2019,31/12/2019,,Dengue,De 45 a 65 anos,93,0.84,,0,0.000,"11,113"
Haití,,1/1/2020,31/12/2020,,Dengue,De 45 a 65 anos,"1,783",16.04,56,0,0.000,"11,113"
Haití,,1/1/2021,31/12/2021,,Dengue,De 45 a 65 anos,"6,298",54.57,19,0,0.000,"11,542"
Haití,,1/1/2022,31/12/2022,,Dengue,De 45 a 65 anos,"3,316",28.73,2,0,0.000,"11,542"
Haití,,1/1/2023,31/12/2023,,Dengue,De 45 a 65 anos,,,,,,"11,542"
Haití,,1/1/2015,31/12/2015,,Dengue,De 45 a 65 anos,130,1.23,13,0,0.000,"10,604"
Islas Caimán,,1/1/2017,31/12/2017,,Dengue,De 5 a 9 anos,31,53.45,0,0,0.000,58
Islas Caimán,,1/1/2021,31/12/2021,,Dengue,De 5 a 9 anos,1,1.59,0,0,0.000,63
Islas Caimán,,1/1/2022,31/12/2022,,Dengue,De 5 a 9 anos,2,3.17,1,0,0.000,63
Islas Caimán,,1/1/2023,31/12/2023,,Dengue,De 5 a 9 anos,42,66.67,42,0,0.000,63
Islas Caimán,,1/1/2024,31/12/2024,,Dengue,De 5 a 9 anos,3,4.76,3,0,0.000,63
Islas Caimán,,1/1/2014,31/12/2014,,Dengue,De 5 a 9 anos,124,225.45,4,0,0.000,55
Islas Caimán,,1/1/2020,31/12/2020,,Dengue,Mayores de 65 anos,35,58.33,1,0,0.000,60
Islas Caimán,,1/1/2015,31/12/2015,,Dengue,De 10 a 14 anos,40,71.43,6,0,0.000,56
Islas Caimán,,1/1/2019,31/12/2019,,Dengue,De 10 a 14 anos,133,221.67,27,0,0.000,60
Islas Caimán,,1/1/2016,31/12/2016,,Dengue,De 15 a 19 anos,150,263.16,2,0,0.000,57
Islas Caimán,,1/1/2018,31/12/2018,,Dengue,De 15 a 19 anos,24,40.00,2,0,0.000,60
Isla de San Martín (Francia),,1/1/2014,31/12/2014,,Dengue,De 15 a 19 anos,404,"1,262.50",404,0,0.000,32
Isla de San Martín (Francia),,1/1/2015,31/12/2015,,Dengue,De 20 a 24 anos,436,"1,362.50",35,0,0.000,32
Isla de San Martín (Francia),,1/1/2017,31/12/2017,,Dengue,De 20 a 24 anos,197,615.63,0,0,0.000,32
Isla de San Martín (Francia),,1/1/2022,31/12/2022,,Dengue,De 20 a 24 anos,35,106.06,0,0,0.000,33
Isla de San Martín (Francia),,1/1/2023,31/12/2023,,Dengue,De 20 a 24 anos,"1,272","3,854.55",149,0,0.000,33
Isla de San Martín (Francia),,1/1/2018,31/12/2018,,Dengue,De 25 a 34 anos,104,325.00,9,0,0.000,32
Isla de San Martín (Francia),,1/1/2021,31/12/2021,,Dengue,De 25 a 34 anos,172,521.21,,0,0.000,33
Isla de San Martín (Francia),,1/1/2019,31/12/2019,,Dengue,De 25 a 34 anos,260,812.50,64,0,0.000,32
Isla de San Martín (Francia),,1/1/2020,31/12/2020,,Dengue,De 25 a 34 anos,"2,736","8,550.00",488,1,0.037,32
Isla de San Martín (Francia),,1/1/2024,31/12/2024,,Dengue,De 45 a 65 anos,449,"1,360.61",0,0,0.000,33
Isla de San Martín (Francia),,1/1/2016,31/12/2016,,Dengue,De 45 a 65 anos,350,"1,093.75",4,0,0.000,32
Isla de San Martín (Holanda),,1/1/2014,31/12/2014,,Dengue,De 45 a 65 anos,31,77.50,24,0,0.000,40
Isla de San Martín (Holanda),,1/1/2015,31/12/2015,,Dengue,De 45 a 65 anos,13,31.71,13,0,0.000,41
Isla de San Martín (Holanda),,1/1/2017,31/12/2017,,Dengue,De 45 a 65 anos,0,0.00,0,0,,42
Isla de San Martín (Holanda),,1/1/2018,31/12/2018,,Dengue,De 25 a 34 anos,29,67.44,5,0,0.000,43
Isla de San Martín (Holanda),,1/1/2019,31/12/2019,,Dengue,De 10 a 14 anos,8,18.60,8,0,0.000,43
Isla de San Martín (Holanda),,1/1/2020,31/12/2020,,Dengue,De 10 a 14 anos,9,20.93,9,0,0.000,43
Isla de San Martín (Holanda),,1/1/2021,31/12/2021,,Dengue,De 10 a 14 anos,,,,,,45
Isla de San Martín (Holanda),,1/1/2022,31/12/2022,,Dengue,De 10 a 14 anos,,,,,,45
Isla de San Martín (Holanda),,1/1/2023,31/12/2023,,Dengue,De 10 a 14 anos,1,2.22,1,0,0.000,45
Isla de San Martín (Holanda),,1/1/2024,31/12/2024,,Dengue,De 10 a 14 anos,115,255.56,114,0,0.000,45
Isla de San Martín (Holanda),,1/1/2016,31/12/2016,,Dengue,De 10 a 14 anos,11,26.83,1,0,0.000,41
Islas Turcas y Caicos,,1/1/2015,31/12/2015,,Dengue,De 10 a 14 anos,331,662.00,331,0,0.000,50
Islas Turcas y Caicos,,1/1/2016,31/12/2016,,Dengue,De 10 a 14 anos,484,949.02,484,0,0.000,51
Islas Turcas y Caicos,,1/1/2017,31/12/2017,,Dengue,De 10 a 14 anos,210,396.23,210,0,0.000,53
Islas Turcas y Caicos,,1/1/2018,31/12/2018,,Dengue,De 10 a 14 anos,2,7.14,0,0,0.000,28
Islas Turcas y Caicos,,1/1/2021,31/12/2021,,Dengue,De 10 a 14 anos,4,7.02,4,0,0.000,57
Islas Turcas y Caicos,,1/1/2022,31/12/2022,,Dengue,De 10 a 14 anos,3,5.26,0,0,0.000,57
Islas Turcas y Caicos,,1/1/2014,31/12/2014,,Dengue,De 10 a 14 anos,252,514.29,252,0,0.000,49
Islas Turcas y Caicos,,1/1/2019,31/12/2019,,Dengue,De 10 a 14 anos,19,67.86,1,0,0.000,28
Islas Turcas y Caicos,,1/1/2020,31/12/2020,,Dengue,De 15 a 19 anos,142,507.14,23,0,0.000,28
Islas Turcas y Caicos,,1/1/2023,31/12/2023,,Dengue,De 15 a 19 anos,182,319.30,107,0,0.000,57
Islas Turcas y Caicos,,1/1/2024,31/12/2024,,Dengue,De 15 a 19 anos,74,129.82,29,0,0.000,57
Islas Vírgenes (EUA),,1/1/2014,31/12/2014,,Dengue,De 15 a 19 anos,19,18.27,19,0,0.000,104
Islas Vírgenes (EUA),,1/1/2015,31/12/2015,,Dengue,De 15 a 19 anos,3,2.88,3,0,0.000,104
Islas Vírgenes (EUA),,1/1/2016,31/12/2016,,Dengue,De 15 a 19 anos,11,10.68,11,0,0.000,103
Islas Vírgenes (EUA),,1/1/2017,31/12/2017,,Dengue,De 15 a 19 anos,1,0.98,1,0,0.000,102
Islas Vírgenes (EUA),,1/1/2018,31/12/2018,,Dengue,De 15 a 19 anos,0,0.00,0,0,,105
Islas Vírgenes (EUA),,1/1/2019,31/12/2019,,Dengue,De 15 a 19 anos,0,0.00,0,0,,105
Islas Vírgenes (EUA),,1/1/2020,31/12/2020,,Dengue,De 15 a 19 anos,0,0.00,0,0,,105
Islas Vírgenes (EUA),,1/1/2021,31/12/2021,,Dengue,De 15 a 19 anos,0,0.00,0,0,,106
Islas Vírgenes (EUA),,1/1/2022,31/12/2022,,Dengue,De 2 a 4 anos,0,0.00,0,0,,106
Islas Vírgenes (EUA),,1/1/2023,31/12/2023,,Dengue,De 2 a 4 anos,0,0.00,0,0,,106
Islas Vírgenes (EUA),,1/1/2024,31/12/2024,,Dengue,De 2 a 4 anos,0,0.00,0,0,,106
Islas Vírgenes (RU),,1/1/2014,31/12/2014,,Dengue,De 2 a 4 anos,239,724.24,69,0,0.000,33
Islas Vírgenes (RU),,1/1/2015,31/12/2015,,Dengue,De 2 a 4 anos,103,312.12,103,,,33
Islas Vírgenes (RU),,1/1/2016,31/12/2016,,Dengue,De 2 a 4 anos,100,294.12,108,0,0.000,34
Islas Vírgenes (RU),,1/1/2017,31/12/2017,,Dengue,De 20 a 24 anos,67,191.43,67,0,0.000,35
Islas Vírgenes (RU),,1/1/2018,31/12/2018,,Dengue,De 20 a 24 anos,60,214.29,57,0,0.000,28
Islas Vírgenes (RU),,1/1/2019,31/12/2019,,Dengue,De 20 a 24 anos,78,278.57,78,0,0.000,28
Islas Vírgenes (RU),,1/1/2020,31/12/2020,,Dengue,De 20 a 24 anos,44,157.14,44,0,0.000,28
Islas Vírgenes (RU),,1/1/2021,31/12/2021,,Dengue,De 20 a 24 anos,14,36.84,14,0,0.000,38
Islas Vírgenes (RU),,1/1/2022,31/12/2022,,Dengue,De 20 a 24 anos,27,71.05,27,0,0.000,38
Islas Vírgenes (RU),,1/1/2023,31/12/2023,,Dengue,De 20 a 24 anos,7,18.42,7,0,0.000,38
Jamaica,,1/1/2014,31/12/2014,,Dengue,De 20 a 24 anos,880,31.44,72,0,0.000,"2,799"
Jamaica,,1/1/2020,31/12/2020,,Dengue,De 20 a 24 anos,898,30.98,15,1,0.111,"2,899"
Jamaica,,1/1/2021,31/12/2021,,Dengue,De 20 a 24 anos,96,3.23,5,0,0.000,"2,973"
Jamaica,,1/1/2022,31/12/2022,,Dengue,De 20 a 24 anos,100,3.36,0,0,0.000,"2,973"
Jamaica,,1/1/2024,31/12/2024,,Dengue,De 20 a 24 anos,815,27.41,0,0,0.000,"2,973"
Jamaica,,1/1/2019,31/12/2019,,Dengue,De 20 a 24 anos,"7,555",260.61,137,24,0.318,"2,899"
Jamaica,,1/1/2023,31/12/2023,,Dengue,De 20 a 24 anos,"8,180",275.14,"1,534",6,0.073,"2,973"
Jamaica,,1/1/2017,31/12/2017,,Dengue,De 20 a 24 anos,215,7.44,0,6,2.791,"2,890"
Jamaica,,1/1/2018,31/12/2018,,Dengue,De 25 a 34 anos,986,34.01,28,13,1.318,"2,899"
Jamaica,,1/1/2016,31/12/2016,,Dengue,De 25 a 34 anos,"2,297",81.95,190,2,0.087,"2,803"
Jamaica,,1/1/2015,31/12/2015,,Dengue,De 25 a 34 anos,88,3.13,14,0,0.000,"2,813"
Martinica,,1/1/2015,31/12/2015,,Dengue,De 25 a 34 anos,207,50.99,25,0,0.000,406
Martinica,,1/1/2018,31/12/2018,,Dengue,De 25 a 34 anos,73,18.96,0,0,0.000,385
Martinica,,1/1/2022,31/12/2022,,Dengue,De 25 a 34 anos,360,96.00,10,0,0.000,375
Martinica,,1/1/2016,31/12/2016,,Dengue,De 25 a 34 anos,158,39.90,13,0,0.000,396
Martinica,,1/1/2019,31/12/2019,,Dengue,De 25 a 34 anos,"1,530",397.40,170,0,0.000,385
Martinica,,1/1/2020,31/12/2020,,Dengue,De 25 a 34 anos,"32,398","8,415.06","12,276",17,0.052,385
Martinica,,1/1/2021,31/12/2021,,Dengue,De 25 a 34 anos,"1,073",286.13,45,0,0.000,375
Martinica,,1/1/2014,31/12/2014,,Dengue,De 25 a 34 anos,"1,680",414.81,710,2,0.119,405
Martinica,,1/1/2017,31/12/2017,,Dengue,De 25 a 34 anos,113,29.35,8,0,0.000,385
Martinica,,1/1/2023,31/12/2023,,Dengue,De 25 a 34 anos,"13,239","3,530.40",749,6,0.045,375
Martinica,,1/1/2024,31/12/2024,,Dengue,De 25 a 34 anos,"4,705","1,254.67",0,0,0.000,375
Montserrat,,1/1/2015,31/12/2015,,Dengue,De 25 a 34 anos,0,0.00,0,0,,5
Montserrat,,1/1/2016,31/12/2016,,Dengue,De 25 a 34 anos,25,500.00,0,0,0.000,5
Montserrat,,1/1/2017,31/12/2017,,Dengue,De 25 a 34 anos,0,0.00,0,0,,5
Montserrat,,1/1/2018,31/12/2018,,Dengue,De 25 a 34 anos,1,20.00,0,0,0.000,5
Montserrat,,1/1/2019,31/12/2019,,Dengue,De 25 a 34 anos,1,20.00,0,0,0.000,5
Montserrat,,1/1/2020,31/12/2020,,Dengue,De 35 a 44 anos,0,0.00,0,0,,5
Montserrat,,1/1/2021,31/12/2021,,Dengue,De 35 a 44 anos,3,60.00,0,0,0.000,5
Montserrat,,1/1/2022,31/12/2022,,Dengue,De 35 a 44 anos,9,180.00,1,0,0.000,5
Montserrat,,1/1/2024,31/12/2024,,Dengue,De 35 a 44 anos,1,20.00,1,0,0.000,5
Montserrat,,1/1/2014,31/12/2014,,Dengue,De 35 a 44 anos,17,340.00,1,0,0.000,5
Montserrat,,1/1/2023,31/12/2023,,Dengue,De 35 a 44 anos,6,120.00,6,0,0.000,5
Saint Kitts y Nevis,,1/1/2014,31/12/2014,,Dengue,De 35 a 44 anos,75,144.23,9,0,0.000,52
Saint Kitts y Nevis,,1/1/2015,31/12/2015,,Dengue,De 35 a 44 anos,5,9.62,1,0,0.000,52
Saint Kitts y Nevis,,1/1/2016,31/12/2016,,Dengue,De 35 a 44 anos,136,261.54,0,0,0.000,52
Saint Kitts y Nevis,,1/1/2017,31/12/2017,,Dengue,De 35 a 44 anos,10,18.87,1,0,0.000,53
Saint Kitts y Nevis,,1/1/2018,31/12/2018,,Dengue,De 35 a 44 anos,6,13.64,1,0,0.000,44
Saint Kitts y Nevis,,1/1/2019,31/12/2019,,Dengue,De 35 a 44 anos,46,104.55,1,0,0.000,44
Saint Kitts y Nevis,,1/1/2021,31/12/2021,,Dengue,De 35 a 44 anos,0,0.00,0,0,,54
Saint Kitts y Nevis,,1/1/2022,31/12/2022,,Dengue,De 35 a 44 anos,1,1.85,0,0,0.000,54
Saint Kitts y Nevis,,1/1/2024,31/12/2024,,Dengue,De 35 a 44 anos,149,275.93,24,0,0.000,54
Saint Kitts y Nevis,,1/1/2023,31/12/2023,,Dengue,De 35 a 44 anos,284,525.93,284,1,0.352,54
Saint Kitts y Nevis,,1/1/2020,31/12/2020,,Dengue,De 35 a 44 anos,20,45.45,2,0,0.000,44
San Bartolomé,,1/1/2014,31/12/2014,,Dengue,De 35 a 44 anos,56,160.00,56,0,0.000,35
San Bartolomé,,1/1/2015,31/12/2015,,Dengue,De 35 a 44 anos,428,"4,755.56",29,0,0.000,9
San Bartolomé,,1/1/2017,31/12/2017,,Dengue,De 45 a 65 anos,55,611.11,0,0,0.000,9
San Bartolomé,,1/1/2018,31/12/2018,,Dengue,De 45 a 65 anos,0,0.00,0,0,,9
San Bartolomé,,1/1/2019,31/12/2019,,Dengue,De 45 a 65 anos,11,122.22,2,0,0.000,9
San Bartolomé,,1/1/2022,31/12/2022,,Dengue,De 45 a 65 anos,93,"1,328.57",1,0,0.000,7
San Bartolomé,,1/1/2023,31/12/2023,,Dengue,De 45 a 65 anos,737,"10,528.57",156,0,0.000,7
San Bartolomé,,1/1/2016,31/12/2016,,Dengue,De 45 a 65 anos,78,866.67,60,0,0.000,9
San Bartolomé,,1/1/2021,31/12/2021,,Dengue,De 45 a 65 anos,70,"1,000.00",,0,0.000,7
San Bartolomé,,1/1/2020,31/12/2020,,Dengue,De 45 a 65 anos,"1,616","17,955.56",889,0,0.000,9
San Bartolomé,,1/1/2024,31/12/2024,,Dengue,De 45 a 65 anos,116,"1,657.14",0,0,0.000,7
San Vicente y las Granadinas,,1/1/2014,31/12/2014,,Dengue,De 45 a 65 anos,117,113.59,10,0,0.000,103
San Vicente y las Granadinas,,1/1/2015,31/12/2015,,Dengue,De 45 a 65 anos,13,12.62,13,0,0.000,103
San Vicente y las Granadinas,,1/1/2016,31/12/2016,,Dengue,De 45 a 65 anos,89,87.25,7,0,0.000,102
San Vicente y las Granadinas,,1/1/2017,31/12/2017,,Dengue,De 45 a 65 anos,3,2.94,2,0,0.000,102
San Vicente y las Granadinas,,1/1/2018,31/12/2018,,Dengue,De 45 a 65 anos,4,3.64,4,0,0.000,110
San Vicente y las Granadinas,,1/1/2019,31/12/2019,,Dengue,De 45 a 65 anos,11,10.00,0,0,0.000,110
San Vicente y las Granadinas,,1/1/2021,31/12/2021,,Dengue,De 45 a 65 anos,152,150.50,152,0,0.000,101
San Vicente y las Granadinas,,1/1/2022,31/12/2022,,Dengue,De 45 a 65 anos,16,15.84,16,0,0.000,101
San Vicente y las Granadinas,,1/1/2023,31/12/2023,,Dengue,De 5 a 9 anos,15,14.85,15,0,0.000,101
San Vicente y las Granadinas,,1/1/2024,31/12/2024,,Dengue,De 5 a 9 anos,2,1.98,2,0,0.000,101
San Vicente y las Granadinas,,1/1/2020,31/12/2020,,Dengue,De 5 a 9 anos,"1,603","1,457.27","1,603",8,0.499,110
Santa Lucía,,1/1/2017,31/12/2017,,Dengue,De 5 a 9 anos,66,40.00,66,0,0.000,165
Santa Lucía,,1/1/2018,31/12/2018,,Dengue,De 5 a 9 anos,90,50.00,90,0,0.000,180
Santa Lucía,,1/1/2019,31/12/2019,,Dengue,De 5 a 9 anos,20,11.11,20,0,0.000,180
Santa Lucía,,1/1/2021,31/12/2021,,Dengue,De 5 a 9 anos,39,23.35,39,0,0.000,167
Santa Lucía,,1/1/2022,31/12/2022,,Dengue,De 5 a 9 anos,15,8.98,15,0,0.000,167
Santa Lucía,,1/1/2024,31/12/2024,,Dengue,De 5 a 9 anos,4,2.40,4,0,0.000,167
Santa Lucía,,1/1/2015,31/12/2015,,Dengue,De 5 a 9 anos,25,15.24,25,0,0.000,164
Santa Lucía,,1/1/2016,31/12/2016,,Dengue,Mayores de 65 anos,196,119.51,80,0,0.000,164
Santa Lucía,,1/1/2023,31/12/2023,,Dengue,Mayores de 65 anos,60,35.93,60,0,0.000,167
Santa Lucía,,1/1/2020,31/12/2020,,Dengue,Mayores de 65 anos,"1,318",732.22,"1,318",3,0.228,180
Santa Lucía,,1/1/2014,31/12/2014,,Dengue,Mayores de 65 anos,167,102.45,90,0,0.000,163
Suriname,,1/1/2015,31/12/2015,,Dengue,Mayores de 65 anos,15,2.74,6,0,0.000,548
Suriname,,1/1/2017,31/12/2017,,Dengue,Mayores de 65 anos,1,0.18,0,0,0.000,563
Suriname,,1/1/2018,31/12/2018,,Dengue,Mayores de 65 anos,123,21.65,1,0,0.000,568
Suriname,,1/1/2021,31/12/2021,,Dengue,Posneonato (29 hasta 365 dias),10,1.69,8,0,0.000,592
Suriname,,1/1/2022,31/12/2022,,Dengue,De 20 a 24 anos,17,2.87,17,0,0.000,592
Suriname,,1/1/2024,31/12/2024,,Dengue,De 45 a 65 anos,85,14.36,77,3,3.529,592
Suriname,,1/1/2016,31/12/2016,,Dengue,De 20 a 24 anos,6,1.09,1,0,0.000,548
Suriname,,1/1/2014,31/12/2014,,Dengue,De 20 a 24 anos,23,4.23,4,0,0.000,544
Suriname,,1/1/2023,31/12/2023,,Dengue,De 25 a 34 anos,279,47.13,265,3,1.075,592
Suriname,,1/1/2020,31/12/2020,,Dengue,De 35 a 44 anos,563,99.12,277,0,0.000,568
Suriname,,1/1/2019,31/12/2019,,Dengue,De 25 a 34 anos,86,15.14,42,0,0.000,568
Trinidad y Tobago,,1/1/2017,31/12/2017,,Dengue,De 35 a 44 anos,300,21.91,8,0,0.000,"1,369"
Trinidad y Tobago,,1/1/2020,31/12/2020,,Dengue,Mayores de 65 anos,59,4.30,2,0,0.000,"1,373"
Trinidad y Tobago,,1/1/2021,31/12/2021,,Dengue,De 35 a 44 anos,20,1.43,0,0,0.000,"1,403"
Trinidad y Tobago,,1/1/2022,31/12/2022,,Dengue,De 10 a 14 anos,52,3.71,3,0,0.000,"1,403"
Trinidad y Tobago,,1/1/2015,31/12/2015,,Dengue,De 10 a 14 anos,"1,687",125.24,23,3,0.178,"1,347"
Trinidad y Tobago,,1/1/2016,31/12/2016,,Dengue,De 10 a 14 anos,"1,801",131.94,9,0,0.000,"1,365"
Trinidad y Tobago,,1/1/2019,31/12/2019,,Dengue,De 15 a 19 anos,416,30.30,8,0,0.000,"1,373"
Trinidad y Tobago,,1/1/2014,31/12/2014,,Dengue,De 15 a 19 anos,148,11.01,18,0,0.000,"1,344"
Trinidad y Tobago,,1/1/2023,31/12/2023,,Dengue,De 15 a 19 anos,126,8.98,19,0,0.000,"1,403"
Trinidad y Tobago,,1/1/2024,31/12/2024,,Dengue,De 15 a 19 anos,87,6.20,45,0,0.000,"1,403"
Trinidad y Tobago,,1/1/2018,31/12/2018,,Dengue,De 2 a 4 anos,123,8.96,5,0,0.000,"1,373"
Caribe No Latino,,1/1/2014,31/12/2014,,Dengue,De 2 a 4 anos,"11,453",59.44,"4,896",3,0.026,"19,268"
Caribe No Latino,,1/1/2015,31/12/2015,,Dengue,De 20 a 24 anos,"7,649",39.82,"1,808",4,0.052,"19,211"
Caribe No Latino,,1/1/2016,31/12/2016,,Dengue,De 20 a 24 anos,"10,684",54.95,"2,077",2,0.019,"19,443"
Caribe No Latino,,1/1/2017,31/12/2017,,Dengue,De 20 a 24 anos,"5,078",25.77,710,6,0.118,"19,702"
Caribe No Latino,,1/1/2018,31/12/2018,,Dengue,De 25 a 34 anos,"3,282",16.53,983,13,0.396,"19,855"
Caribe No Latino,,1/1/2019,31/12/2019,,Dengue,De 25 a 34 anos,"16,630",83.76,"1,940",25,0.150,"19,855"
Caribe No Latino,,1/1/2020,31/12/2020,,Dengue,De 25 a 34 anos,"75,234",378.92,"23,608",37,0.049,"19,855"
Caribe No Latino,,1/1/2021,31/12/2021,,Dengue,De 25 a 34 anos,"15,335",75.05,"5,364",0,0.000,"20,433"
Caribe No Latino,,1/1/2022,31/12/2022,,Dengue,De 25 a 34 anos,"5,905",28.90,635,0,0.000,"20,433"
Caribe No Latino,,1/1/2023,31/12/2023,,Dengue,De 35 a 44 anos,"40,877",200.05,"7,989",25,0.061,"20,433"
Caribe No Latino,,1/1/2024,31/12/2024,,Dengue,De 35 a 44 anos,"22,982",288.36,"9,340",3,0.013,"7,970"
Las Américas,,1/1/2014,31/12/2014,,Dengue,De 35 a 44 anos,"1,183,408",125.05,"366,394",683,0.058,"946,328"
Las Américas,,1/1/2015,31/12/2015,,Dengue,De 35 a 44 anos,"2,414,262",252.73,"646,375","1,355",0.056,"955,289"
Las Américas,,1/1/2016,31/12/2016,,Dengue,De 35 a 44 anos,"2,893,854",299.81,"1,203,571",980,0.034,"965,226"
Las Américas,,1/1/2017,31/12/2017,,Dengue,De 35 a 44 anos,"833,305",85.89,"230,369",328,0.039,"970,162"
Las Américas,,1/1/2018,31/12/2018,,Dengue,De 45 a 65 anos,"757,988",77.44,"215,367",345,0.046,"978,867"
Las Américas,,1/1/2019,31/12/2019,,Dengue,De 45 a 65 anos,"3,181,384",325.88,"1,414,533","1,823",0.057,"976,235"
Las Américas,,1/1/2020,31/12/2020,,Dengue,De 45 a 65 anos,"2,331,840",238.86,"1,009,324","1,031",0.044,"976,235"
Las Américas,,1/1/2021,31/12/2021,,Dengue,De 45 a 65 anos,"1,269,271",127.86,"526,514",437,0.034,"992,736"
Las Américas,,1/1/2022,31/12/2022,,Dengue,De 45 a 65 anos,"2,812,204",283.20,"1,369,804","1,290",0.046,"993,017"
Las Américas,,1/1/2023,31/12/2023,,Dengue,De 45 a 65 anos,"4,572,765",459.91,"2,038,208","2,418",0.053,"994,272"
Las Américas,,1/1/2024,31/12/2024,,Dengue,De 45 a 65 anos,"4,692,424",497.68,"1,873,307","1,533",0.033,"942,865"
